combination,fumo
AA-AG-CC,1
AA-AG-CC,1
AA-AG-CC,1
AA-AG-CT,1
AA-AG-CC,1
AA-AG-CC,1
AA-AG-CC,1
AA-AG-CC,1
AA-AG-CC,1
AA-AG-CC,1
AA-AA-CC,1
AA-AG-CC,1
AA-AG-CC,1
AT-AG-CC,1
AA-AG-CC,1
AA-AG-CC,1
AA-AG-CC,1
AA-AG-CC,1
AA-AG-CC,1
AA-AG-CC,1
AA-AA-CC,1
AA-AG-CC,1
AA-AG-CC,1
AA-AG-CC,1
AA-AA-CC,1
AA-AG-CC,1
AA-AG-CC,1
AA-AG-CC,1
AA-AG-CC,1
AA-AG-CC,1
AA-AG-CC,1
AA-AG-CC,1
AA-AG-CC,1
AA-AG-CC,1
AA-AG-CC,1
AA-AG-CC,1
AA-AG-CC,1
AA-AG-CC,1
AA-AA-CC,1
AA-AG-CC,1
AA-AG-CC,1
AA-AG-CC,1
AA-AG-CC,1
AA-AG-CC,1
AA-AG-CC,1
AA-AG-CC,1
AA-AG-CC,1
AA-AG-CC,1
AA-AG-CT,1
AA-AG-CC,1
AA-AA-CC,1
AA-AG-CC,1
AA-AG-CT,1
AA-AG-CC,1
AA-AG-CC,1
AA-AG-CC,1
AA-AG-CC,1
AA-AG-CC,1
AA-AG-CC,1
AA-AG-CC,1
AA-AG-CC,1
AA-AG-CC,1
AA-AA-CC,1
AA-AG-CC,1
AA-AG-CC,1
AA-AG-CC,1
AA-AG-CC,1
AA-AG-CC,1
AA-AG-CC,1
AA-AG-CC,1
AA-AG-CC,1
AA-AG-CC,1
AA-AG-CC,1
AA-AA-CC,1
AA-AG-CC,1
AA-AG-CC,1
AA-AG-CC,1
AA-AG-CC,1
AA-AG-CT,1
AA-AA-CC,1
AA-AA-CC,1
AA-AA-CC,1
AA-AG-CC,0
AA-AG-CC,0
