allelic variant,fumo
CC,1
CC,1
CC,1
CT,1
CC,1
CC,1
CC,1
CC,1
CC,1
CC,1
CC,1
CC,1
CC,1
CC,1
CC,1
CC,1
CC,1
CC,1
CC,1
CC,1
CC,1
CC,1
CC,1
CC,1
CC,1
CC,1
CC,1
CC,1
CC,1
CC,1
CC,1
CC,1
CC,1
CC,1
CC,1
CC,1
CC,1
CC,1
CC,1
CC,1
CC,1
CC,1
CC,1
CC,1
CC,1
CC,1
CC,1
CC,1
CC,1
CC,1
CT,1
CC,1
CC,1
CC,1
CT,1
CC,1
CC,1
CC,1
CC,1
CC,1
CC,1
CC,1
CC,1
CC,1
CC,1
CC,1
CC,1
CC,1
CC,1
CC,1
CC,1
CC,1
CC,1
CC,1
CC,1
CC,1
CC,1
CC,1
CC,1
CC,1
CT,1
CC,1
CC,1
CC,1
CC,0
CC,0
CC,0
CC,0
CC,0
CC,0
CC,0
CC,0
CC,0
CC,0
CC,0
CC,0
CC,0
CC,0
CC,0
CC,0
CC,0
CC,0
CC,0
CC,0
CC,0
CC,0
CC,0
CC,0
CC,0
CC,0
CC,0
CC,0
CC,0
CC,0
CC,0
CC,0
CC,0
CC,0
CC,0
CC,0
CC,0
CC,0
CC,0
CC,0
CC,0
CC,0
CC,0
CC,0
CC,0
CC,0
CC,0
CC,0
CC,0
CC,0
CC,0
CC,0
CC,0
CC,0
CC,0
CC,0
CC,0
CC,0
CC,0
CC,0
CC,0
CC,0
CC,0
CC,0
CC,0
CT,0
CC,0
CC,0
CC,0
CC,0
CC,0
CC,0
CC,0
CC,0
CC,0
CC,0
CC,0
CC,0
CC,0
CC,0
CC,0
CC,0
CC,0
CC,0
CC,0
CC,0
CC,0
CC,0
CT,0
CC,0
CC,0
CC,0
CC,0
CC,0
CC,0
CC,0
CC,0
CC,0
CC,0
CC,0
CC,0
CC,0
CC,0
CC,0
CC,0
CC,0
CC,0
CC,0
CC,0
CC,0
CC,0
CC,0
CC,0
CT,0
CC,0
CC,0
CC,0
CC,0
CC,0
CC,0
CC,0
CC,0
CC,0
CC,0
CC,0
CC,0
CC,0
CC,0
CC,0
CC,0
CC,0
CC,0
CC,0
CC,0
CC,0
CC,0
CC,0
CC,0
CC,0
CC,0
CC,0
CC,0
CC,0
CC,0
CC,0
CC,0
CC,0
CC,0
CC,0
CC,0
CC,0
CC,0
CC,0
CC,0
CC,0
CC,0
CT,0
CC,0
CC,0
CC,0
CC,0
CC,0
CC,0
CC,0
CC,0
CC,0
CC,0
CC,0
CC,0
CC,0
CC,0
CC,0
CC,0
CC,0
CC,0
CC,0
CC,0
CC,0
CC,0
CC,0
CC,0
CC,0
CC,0
CC,0
CT,0
CC,0
CC,0
CC,0
CC,0
CC,0
CC,0
CC,0
CC,0
CC,0
CC,0
CC,0
CT,0
CC,0
CC,0
CC,0
CC,0
CC,0
CC,0
CC,0
CC,0
CC,0
CC,0
CC,0
CC,0
CC,0
CC,0
CC,0
CC,0
CC,0
CC,0
CT,0
CC,0
CC,0
CC,0
CC,0
CC,0
CC,0
CC,0
CC,0
CC,0
CC,0
CC,0
CC,0
CC,0
CC,0
CC,0
CC,0
CC,0
CC,0
CC,0
CC,0
CC,0
CC,0
CC,0
CC,0
CC,0
CC,0
CC,0
CC,0
CC,0
CC,0
CC,0
